trajectory_id,direction,replicate,crossing_time,ordered_slope_mean,shuffle_slope_mean,slope_difference,ordered_forecast_mean,shuffle_forecast_mean,forecast_difference,ordered_positive_slope_fraction,shuffle_positive_slope_fraction,positive_slope_fraction_difference,ordered_any_alarm,shuffle_any_alarm,any_alarm_difference,stationary_slope_mean,stationary_forecast_mean,stationary_positive_slope_fraction,stationary_any_alarm
mixed_gradient:event,mixed_gradient,0,14,0.007822236159597106,0.0009977528244510287,0.006824483335146078,0.2591025710239497,0.21769157541833897,0.041410995605610706,1.0,0.5808333333333333,0.4191666666666667,False,0.3541666666666667,-0.3541666666666667,-0.00012780152341238532,0.17119440018500814,0.6,False
mixed_gradient:event,mixed_gradient,1,14,0.006371187736487774,0.0006591606278305159,0.005712027108657258,0.2388676385588388,0.20549954604260606,0.03336809251623274,1.0,0.5458333333333333,0.4541666666666667,False,0.12083333333333333,-0.12083333333333333,-0.000493936763939947,0.1751574878468159,0.2,False
mixed_gradient:event,mixed_gradient,2,14,-0.0008582430029266171,-0.0003251484176324536,-0.0005330945852941635,0.1944507639977379,0.2009662172785917,-0.006515453280853817,0.4,0.47000000000000003,-0.07,False,0.058333333333333334,-0.058333333333333334,-0.0003825065309156799,0.17463124090356713,0.4,False
mixed_gradient:event,mixed_gradient,3,14,0.003924101329105278,0.0005745521356427663,0.0033495491934625115,0.22236407384829046,0.20338627116299518,0.01897780268529528,0.6,0.5658333333333334,0.03416666666666657,False,0.0,0.0,0.0016593192362386136,0.19657944934538768,0.6,False
mixed_gradient:event,mixed_gradient,4,14,0.004720882373965286,0.0009708135198100168,0.003750068854155269,0.21470790812756424,0.19573640444159732,0.018971503685966923,0.8,0.5566666666666666,0.2433333333333334,False,0.0625,-0.0625,0.0012701799215753846,0.1917092204876266,0.6,False
mixed_gradient:event,mixed_gradient,5,14,0.004713503192080949,0.0005360385505928305,0.004177464641488118,0.22451261276482123,0.20251924453650982,0.02199336822831141,0.8,0.5208333333333334,0.2791666666666667,False,0.1125,-0.1125,0.0041746405482630585,0.21014017727425224,1.0,False
mixed_gradient:event,mixed_gradient,6,14,0.010214916985821021,0.002036202525727226,0.008178714460093795,0.2726027901987905,0.22208515004178817,0.05051764015700236,1.0,0.6058333333333333,0.39416666666666667,True,0.9541666666666667,0.04583333333333328,0.0015989235947161042,0.18670858714151597,0.8,False
mixed_gradient:event,mixed_gradient,7,14,0.007363772182340929,0.0007810525336798309,0.006582719648661098,0.23932427965702674,0.2002421794975164,0.03908210015951033,1.0,0.55,0.44999999999999996,True,0.17083333333333334,0.8291666666666666,0.0001458823812523923,0.17077090948639265,0.4,False
mixed_gradient:event,mixed_gradient,8,14,0.0002889039394194829,0.0006874234471851796,-0.00039851950776569663,0.20924993685965224,0.20831729773652122,0.0009326391231310183,0.6,0.5366666666666667,0.06333333333333324,True,0.31666666666666665,0.6833333333333333,-0.002957179884964875,0.17180897500485323,0.2,False
mixed_gradient:event,mixed_gradient,9,14,0.003961253722938823,0.00012742077498132325,0.0038338329479575,0.22040909259232241,0.20007506361972557,0.02033402897259684,0.8,0.5066666666666666,0.29333333333333345,True,0.0875,0.9125,-0.0008441957800431502,0.17584919888587838,0.4,False
mixed_gradient:event,mixed_gradient,10,14,0.009568384213167167,-0.00016382227564174054,0.009732206488808908,0.26079144648778324,0.20880450865103853,0.05198693783674471,1.0,0.5075000000000001,0.49249999999999994,True,0.4666666666666667,0.5333333333333333,0.0029146767613197613,0.1902888328913312,1.0,False
mixed_gradient:event,mixed_gradient,11,14,0.006271540379781726,0.0009467322749848749,0.005324808104796851,0.23624329985421427,0.20853787669669,0.027705423157524278,1.0,0.5583333333333333,0.44166666666666665,True,0.325,0.675,-0.0013393293310157497,0.166535046926813,0.4,False
mixed_gradient:event,mixed_gradient,12,14,0.009985062407144139,0.00106411493147034,0.0089209474756738,0.26468348307403755,0.2125145056142402,0.052168977459797344,1.0,0.5808333333333333,0.4191666666666667,True,0.4625,0.5375,0.002115006918809879,0.19633192954199777,1.0,False
mixed_gradient:event,mixed_gradient,13,14,0.006089672715358904,0.0016448727525239634,0.00444479996283494,0.24039540048654562,0.21295571187448262,0.027439688612063,0.8,0.5916666666666667,0.20833333333333337,True,0.9166666666666666,0.08333333333333337,0.003864415865578475,0.20329911147323204,1.0,False
mixed_gradient:event,mixed_gradient,14,14,0.005696591105732276,0.0004486036425014078,0.0052479874632308686,0.2316413564525198,0.20520785685137152,0.02643349960114827,1.0,0.5358333333333334,0.4641666666666666,True,0.10416666666666667,0.8958333333333334,-0.0018902110691530836,0.16985477064688795,0.2,False
mixed_gradient:event,mixed_gradient,15,14,0.003386425682515677,0.0008226905582417642,0.002563735124273913,0.2142317604249948,0.20703798264274345,0.007193777782251359,0.8,0.5558333333333334,0.24416666666666664,False,0.15,-0.15,-0.001484862370774199,0.1684133903651528,0.2,False
mixed_gradient:event,mixed_gradient,16,14,0.0031323286789389287,0.00087268563322617,0.0022596430457127586,0.2149865182297505,0.20619586678186186,0.008790651447888653,1.0,0.5675,0.4325,True,0.18333333333333332,0.8166666666666667,-0.0001799798877022755,0.1784851491879757,0.4,False
mixed_gradient:event,mixed_gradient,17,14,0.0057833791877377975,0.0007941963132481651,0.004989182874489633,0.23979208592881324,0.2114374655297593,0.028354620399053926,1.0,0.5633333333333332,0.43666666666666676,True,0.4166666666666667,0.5833333333333333,0.00032099518050150754,0.18756372725302906,0.4,False
mixed_gradient:event,mixed_gradient,18,14,0.0032810650054650716,0.0007053746222165005,0.002575690383248571,0.2225148851336634,0.21494867436516815,0.007566210768495257,1.0,0.5658333333333334,0.4341666666666666,False,0.325,-0.325,-0.0030480991320368774,0.16790628055633655,0.0,False
mixed_gradient:event,mixed_gradient,19,14,0.002466293851486127,0.0005059073101290363,0.001960386541357091,0.20140929786720077,0.19518944755843393,0.006219850308766844,0.8,0.5575,0.24250000000000005,False,0.0,0.0,-8.12253592439971e-05,0.17713744174412127,0.4,False
mixed_gradient:event,mixed_gradient,20,14,0.005795766719117674,0.0003686237339425314,0.005427142985175143,0.24095797542025982,0.2124868905873904,0.02847108483286942,1.0,0.5241666666666667,0.47583333333333333,False,0.15833333333333333,-0.15833333333333333,0.00038901278076873286,0.186679907408118,0.6,False
mixed_gradient:event,mixed_gradient,21,14,0.005461746053041346,0.0012015766402863697,0.0042601694127549754,0.2213875182158645,0.1961720471250248,0.025215471090839686,1.0,0.5991666666666667,0.40083333333333326,False,0.15,-0.15,-0.0005962451579596583,0.17289984370560946,0.6,False
mixed_gradient:event,mixed_gradient,22,14,0.00485073706150413,0.0020609549788060543,0.0027897820826980756,0.22105005825271054,0.20577458163679577,0.015275476615914774,1.0,0.6083333333333333,0.3916666666666667,True,1.0,0.0,-0.0035112801007714097,0.1583799407002321,0.0,False
mixed_gradient:event,mixed_gradient,23,14,0.010913063250739602,0.0008973232770157154,0.010015739973723885,0.25897061464926,0.20054263205306996,0.05842798259619006,1.0,0.5558333333333334,0.4441666666666666,True,0.44583333333333336,0.5541666666666667,-0.00044199765066286583,0.18059057639211346,0.4,False
mixed_gradient:event,mixed_gradient,24,14,0.005074574238102511,0.0005674111486427177,0.0045071630894597935,0.22454265724332592,0.19947229798721663,0.025070359256109287,1.0,0.5716666666666668,0.42833333333333323,False,0.0,0.0,0.0015177375126567136,0.1865264201017462,0.8,False
mixed_gradient:event,mixed_gradient,25,14,0.007554726073263596,0.001717623636753106,0.00583710243651049,0.2548967490365217,0.2223607371087074,0.0325360119278143,1.0,0.5866666666666667,0.41333333333333333,True,0.925,0.07499999999999996,0.00023966934175152126,0.19093104648232098,0.6,False
mixed_gradient:event,mixed_gradient,26,14,0.006018957017639485,0.0002345347871685896,0.005784422230470895,0.24068735653933349,0.20675629070117715,0.03393106583815633,0.8,0.5366666666666667,0.2633333333333333,True,0.1625,0.8375,0.0006596228298475402,0.18013309609154157,0.4,False
mixed_gradient:event,mixed_gradient,27,14,0.0011983198878701285,0.0004915034719943499,0.0007068164158757787,0.20385931415423303,0.20039932081802003,0.0034599933362129964,0.6,0.5508333333333333,0.04916666666666669,False,0.0,0.0,-9.254931665004837e-05,0.17631849011537304,0.4,False
mixed_gradient:event,mixed_gradient,28,14,0.009717374490947372,0.0010199212346002117,0.00869745325634716,0.26435680704449716,0.21594305622336396,0.048413750821133195,1.0,0.5625,0.4375,True,0.6958333333333333,0.3041666666666667,0.002389489555039246,0.18301336356487902,0.8,False
mixed_gradient:event,mixed_gradient,29,14,0.0042765666104303485,7.241165060135933e-05,0.004204154959828989,0.21961057712096882,0.20175177001635208,0.017858807104616736,0.8,0.5175000000000001,0.2825,True,0.44583333333333336,0.5541666666666667,-0.0035361844877446606,0.1638787875507671,0.0,False
mixed_gradient:event,mixed_gradient,30,14,0.007308228117494912,-3.222762241471353e-05,0.007340455739909626,0.2465481823350507,0.20488744192909386,0.041660740405956825,1.0,0.5033333333333333,0.4966666666666667,True,0.30416666666666664,0.6958333333333333,0.0014786758347157473,0.18426405187219225,0.6,False
mixed_gradient:event,mixed_gradient,31,14,0.0060358454632660164,0.0014588188213547953,0.004577026641911221,0.22876708102545718,0.20058323141185036,0.028183849613606815,1.0,0.5925,0.4075,True,0.5083333333333333,0.4916666666666667,0.000592829625494076,0.1757874813007103,0.6,False
mixed_gradient:event,mixed_gradient,32,14,0.005540259997214986,0.0014345440637730045,0.004105715933441981,0.23667978226986036,0.2155703058210485,0.021109476448811865,0.8,0.58,0.22000000000000008,True,0.5125,0.48750000000000004,0.004279161122653662,0.20431029963545438,0.8,False
mixed_gradient:event,mixed_gradient,33,14,0.007977106151728561,0.0002933804474138105,0.007683725704314751,0.2527130171079896,0.20999600976962013,0.04271700733836947,0.8,0.5208333333333334,0.2791666666666667,True,0.44583333333333336,0.5541666666666667,-0.004165586774626344,0.15501571365025607,0.4,False
mixed_gradient:event,mixed_gradient,34,14,0.005463253802056077,0.0008335989986871234,0.004629654803368954,0.23357908118707718,0.20719045437074654,0.02638862681633064,1.0,0.5766666666666667,0.42333333333333334,False,0.1375,-0.1375,0.002208801350345946,0.1883568173349493,0.6,False
mixed_gradient:event,mixed_gradient,35,14,0.005618323855661233,0.0016766015828025768,0.003941722272858657,0.24098948633655182,0.2179935931576015,0.022995893178950316,0.8,0.61,0.19000000000000006,True,0.8208333333333333,0.1791666666666667,-0.0013336686827633874,0.16849533624787089,0.2,False
mixed_gradient:event,mixed_gradient,36,14,0.0023868240100598037,0.00021994416459643172,0.002166879845463372,0.2117572885820707,0.19934081548486488,0.012416473097205838,0.6,0.5266666666666667,0.07333333333333325,False,0.0,0.0,-0.0017430106994525245,0.16780446009482647,0.4,False
mixed_gradient:event,mixed_gradient,37,14,0.006304670117705217,0.0018761095581920377,0.0044285605595131795,0.2361208098365352,0.2106150823442773,0.02550572749225788,0.8,0.6024999999999999,0.19750000000000012,True,0.9291666666666667,0.0708333333333333,-0.0004629447846289842,0.1796349462588997,0.4,False
mixed_gradient:event,mixed_gradient,38,14,0.003910126160771975,0.00029259554883659557,0.003617530611935379,0.21284116398435687,0.19437884023108729,0.01846232375326959,1.0,0.5341666666666666,0.46583333333333343,False,0.08333333333333333,-0.08333333333333333,-0.003802818739174671,0.16222102326256393,0.2,False
mixed_gradient:event,mixed_gradient,39,14,0.006019047823340693,-0.0001974243022599435,0.0062164721256006365,0.22771109568591252,0.19431589838789662,0.033395197298015905,1.0,0.4925,0.5075000000000001,True,0.1125,0.8875,0.002645346346262238,0.19018822228168814,0.8,False
mixed_gradient:event,mixed_gradient,40,14,0.004390364675993212,0.0015636180375384918,0.0028267466384547203,0.22532650439188462,0.21229248741426343,0.013034016977621188,1.0,0.6158333333333333,0.38416666666666666,True,0.7875,0.21250000000000002,0.002251823434872769,0.18914857931849866,0.8,False
mixed_gradient:event,mixed_gradient,41,14,0.010518260985178631,0.0004456869580147785,0.010072574027163852,0.27075935984395205,0.20936109556031426,0.06139826428363779,1.0,0.5208333333333334,0.47916666666666663,True,0.375,0.625,4.5850660773786615e-05,0.18559908353024981,0.4,False
mixed_gradient:event,mixed_gradient,42,14,0.009598321573939844,0.0003422619932781807,0.009256059580661663,0.25896479445325316,0.20309860497753066,0.0558661894757225,1.0,0.5183333333333333,0.4816666666666667,True,0.2875,0.7125,0.004434891581607027,0.20979541171801772,1.0,False
mixed_gradient:event,mixed_gradient,43,14,0.0035002748358029133,0.0002985864011687359,0.0032016884346341774,0.2218549677286869,0.2036799690096106,0.018174998719076296,1.0,0.5350000000000001,0.46499999999999986,False,0.0,0.0,0.0036658214090280737,0.20451775833659788,0.8,False
mixed_gradient:event,mixed_gradient,44,14,0.006298592308596575,0.0006603063529135536,0.005638285955683021,0.23758046578064893,0.20589469891466103,0.0316857668659879,1.0,0.5474999999999999,0.4525000000000001,False,0.1,-0.1,0.0019425364572526044,0.18557600363950658,1.0,False
mixed_gradient:event,mixed_gradient,45,14,0.007497837529775021,0.00029223083945569456,0.007205606690319327,0.24452648987499956,0.20351802380591047,0.04100846606908909,1.0,0.5241666666666667,0.47583333333333333,True,0.30416666666666664,0.6958333333333333,0.0006195493311816517,0.19637979260051558,0.4,False
mixed_gradient:event,mixed_gradient,46,14,0.009042912691998053,0.0017356026677767843,0.007307310024221268,0.2577242264987605,0.2121075871644365,0.04561663933432397,1.0,0.6041666666666666,0.39583333333333337,True,0.7958333333333333,0.20416666666666672,-0.0004344995336672465,0.1912682697946269,0.6,False
mixed_gradient:event,mixed_gradient,47,14,0.004416202088146215,0.001103331054896887,0.003312871033249328,0.21977483335250345,0.20258940857194133,0.01718542478056212,1.0,0.6024999999999999,0.3975000000000001,False,0.05,-0.05,0.0014851620937596237,0.19055707044399495,0.6,False
mixed_gradient:event,mixed_gradient,48,14,0.008137742214502195,0.001465987308107745,0.00667175490639445,0.25199894972400994,0.2122506293470911,0.03974832037691883,1.0,0.5941666666666667,0.40583333333333327,True,0.7333333333333333,0.2666666666666667,-0.002008653664926626,0.16632167169396422,0.4,False
mixed_gradient:event,mixed_gradient,49,14,0.007091263346844639,0.0014717495799916852,0.005619513766852954,0.2396945881356461,0.20612014698439202,0.033574441151254075,0.8,0.5900000000000001,0.20999999999999996,True,0.6958333333333333,0.3041666666666667,0.0004716206618253013,0.19213785843886674,0.6,False
mixed_gradient:event,mixed_gradient,50,14,0.003239143522963754,0.00019906552734869868,0.0030400779956150556,0.21696298651318896,0.20161998917525312,0.015342997337935843,0.8,0.5166666666666667,0.2833333333333333,False,0.07916666666666666,-0.07916666666666666,-0.0013827939649014962,0.18038070851049973,0.4,False
mixed_gradient:event,mixed_gradient,51,14,0.005602040110463377,0.0003230615221477266,0.005278978588315651,0.23264872802837994,0.20594251705893685,0.02670621096944309,1.0,0.5166666666666667,0.4833333333333333,True,0.1625,0.8375,-0.0011153509946006846,0.18174437383175146,0.2,False
mixed_gradient:event,mixed_gradient,52,14,0.006882364376189979,0.0013043832702867616,0.005577981105903217,0.24487237058564748,0.21443816683556277,0.03043420375008471,1.0,0.5733333333333334,0.42666666666666664,True,0.6625,0.3375,-0.0025106546304513363,0.1686245587054367,0.2,False
mixed_gradient:event,mixed_gradient,53,14,0.008142177353724613,0.0016003964084055872,0.006541780945319025,0.24551010035154305,0.20696052317002997,0.038549577181513084,1.0,0.5716666666666667,0.42833333333333334,True,0.8583333333333333,0.14166666666666672,0.00021083483064609932,0.1799495456486332,0.6,False
mixed_gradient:event,mixed_gradient,54,14,0.001996141536882352,-9.058849575857526e-05,0.002086730032640927,0.21138789062697994,0.20493362731553144,0.006454263311448494,0.8,0.49500000000000005,0.305,True,0.4083333333333333,0.5916666666666667,0.0005982983035890544,0.18014761461318918,0.6,False
mixed_gradient:event,mixed_gradient,55,14,0.004471114399683264,0.0012775044720148682,0.0031936099276683957,0.22836711908562163,0.21018178217983172,0.01818533690578991,0.6,0.5975,0.0024999999999999467,True,0.6,0.4,-0.004938729794289181,0.16052707609759057,0.2,False
mixed_gradient:event,mixed_gradient,56,14,0.005879003793101969,0.0013735806762406285,0.004505423116861341,0.23671570641207412,0.20782547407316157,0.028890232338912553,0.8,0.5925,0.20750000000000002,True,0.4708333333333333,0.5291666666666667,0.0019686249588064,0.18462221611616997,0.8,False
mixed_gradient:event,mixed_gradient,57,14,0.004058815407800646,0.0015066685589816358,0.0025521468488190102,0.21471600027143573,0.20317663994481883,0.011539360326616899,1.0,0.6,0.4,True,0.5333333333333333,0.4666666666666667,0.002360888212776969,0.1931740132145125,0.8,False
mixed_gradient:event,mixed_gradient,58,14,0.009055376846093218,0.0025558273899992695,0.006499549456093949,0.26449994826459094,0.2275957467064145,0.03690420155817645,1.0,0.6241666666666666,0.37583333333333335,True,1.0,0.0,-0.0015530793571545364,0.16105052020609745,0.4,False
mixed_gradient:event,mixed_gradient,59,14,0.00839894756427469,0.002579217560132581,0.005819730004142109,0.2565216727479342,0.22370308655253482,0.032818586195399374,1.0,0.6033333333333334,0.3966666666666666,True,1.0,0.0,-0.0013154792970597622,0.1746819782427298,0.4,False
noise:event,noise,0,15,0.005594109191694053,0.0004723229996010535,0.005121786192092999,0.23964638977344332,0.2112198626768955,0.028426527096547832,1.0,0.5433333333333333,0.45666666666666667,True,0.3541666666666667,0.6458333333333333,-0.003658903022832294,0.15736876155838425,0.0,False
noise:event,noise,1,15,0.008772057072042597,0.0003138803810303651,0.008458176691012233,0.2660729099334198,0.21478704607710908,0.05128586385631073,1.0,0.5275,0.47250000000000003,True,0.3416666666666667,0.6583333333333333,-0.002363239844656165,0.17535588191117518,0.2,False
noise:event,noise,2,15,0.008858379406213491,0.0025712406523792837,0.006287138753834208,0.2830517578915316,0.24928694049713732,0.03376481739439427,1.0,0.6174999999999999,0.38250000000000006,True,1.0,0.0,0.0006690494240745252,0.17853300605568606,0.4,False
noise:event,noise,3,15,0.008666899553258616,0.0005942889470267646,0.008072610606231852,0.2696292485982318,0.2242176439364443,0.04541160466178748,1.0,0.5308333333333334,0.4691666666666666,True,0.5875,0.4125,-0.001727058800566443,0.18378211095176308,0.4,False
noise:event,noise,4,15,0.007828443217292574,0.0014136307194942228,0.006414812497798351,0.25120138587616686,0.2119655042360881,0.03923588164007877,1.0,0.5850000000000001,0.4149999999999999,True,0.7208333333333333,0.2791666666666667,0.0008753362206559776,0.1889360665705202,0.8,False
noise:event,noise,5,15,0.005771287321057707,0.0007774340353340142,0.004993853285723693,0.2312598385303691,0.20308767844766062,0.02817216008270848,1.0,0.5683333333333334,0.43166666666666664,True,0.325,0.675,0.0015016816145596817,0.18738162172931241,0.6,False
noise:event,noise,6,15,0.008931931086222896,9.733092100217665e-06,0.008922197994122678,0.27066993404305795,0.21730626871915723,0.053363665323900716,1.0,0.48000000000000004,0.52,True,0.4666666666666667,0.5333333333333333,0.0012011875759099365,0.1796990267681458,0.8,False
noise:event,noise,7,15,0.009808872489210751,0.0013764321634136063,0.008432440325797146,0.2679435484302285,0.21948290685940436,0.04846064157082414,1.0,0.5808333333333333,0.4191666666666667,True,0.6333333333333333,0.3666666666666667,0.0005068832445948917,0.19089158072893894,0.4,False
noise:event,noise,8,15,0.005653024000684862,0.0012670545244617072,0.004385969476223155,0.2400074645427642,0.2157821211493461,0.024225343393418086,1.0,0.5866666666666667,0.41333333333333333,False,0.37083333333333335,-0.37083333333333335,0.0026059922460969767,0.1820146233226112,1.0,False
noise:event,noise,9,15,0.005346771414269925,0.00017315365464296692,0.005173617759626958,0.2371899677455344,0.2127403614641038,0.024449606281430614,1.0,0.5166666666666667,0.4833333333333333,True,0.5375,0.4625,-0.0060136476678843195,0.17406738281307574,0.0,False
noise:event,noise,10,15,0.009388562894602371,0.001049009180411251,0.008339553714191119,0.2513235209730669,0.19971282014642994,0.05161070082663699,1.0,0.5700000000000001,0.42999999999999994,True,0.2375,0.7625,0.0031936806860468543,0.19499375737265706,0.8,False
noise:event,noise,11,15,0.00630743599117804,-0.0002069821319880733,0.006514418123166113,0.24974970132318958,0.21371764289971248,0.03603205842347709,1.0,0.48250000000000004,0.5175,True,0.2916666666666667,0.7083333333333333,-0.003501772539382223,0.1663871000853941,0.0,False
noise:event,noise,12,15,0.004032711155277309,0.0008593519047686251,0.003173359250508684,0.22609329362448743,0.21029901122144679,0.01579428240304065,1.0,0.5725,0.4275,False,0.11666666666666667,-0.11666666666666667,0.00024326433625453743,0.17760426534466472,0.4,False
noise:event,noise,13,15,0.007733073387071468,0.0006403903413979681,0.0070926830456734995,0.25288423719274733,0.2141961890562544,0.03868804813649293,1.0,0.5358333333333333,0.4641666666666667,True,0.5625,0.4375,-0.0006929147200371053,0.17672013244773957,0.4,False
noise:event,noise,14,15,0.0037768188860475608,0.00031877431425077457,0.003458044571796786,0.23496830990584225,0.21326850461740693,0.02169980528843532,0.4,0.525,-0.125,True,0.4041666666666667,0.5958333333333333,0.0016249377057488974,0.18934710813927205,0.6,False
noise:event,noise,15,15,0.0066848960713084575,0.0010978068030687775,0.00558708926823968,0.26097726085292244,0.2288503431868091,0.032126917666113336,1.0,0.5641666666666667,0.4358333333333333,True,0.8333333333333334,0.16666666666666663,0.0007143716662408322,0.1877640350710637,0.4,False
noise:event,noise,16,15,0.003856218462845696,0.001400948511013958,0.002455269951831738,0.2234538510165825,0.21345680268515999,0.009997048331422509,1.0,0.6041666666666666,0.39583333333333337,False,0.5833333333333334,-0.5833333333333334,-0.001620279434420359,0.1676365926732014,0.4,False
noise:event,noise,17,15,0.00662932564358749,0.0012445067704117338,0.005384818873175756,0.25611728762429753,0.22592826744275385,0.03018902018154368,1.0,0.5658333333333334,0.4341666666666666,True,0.6916666666666667,0.30833333333333335,-0.004974772180025001,0.16162264843528942,0.2,False
noise:event,noise,18,15,0.004193493771368737,-0.00010968095938793878,0.0043031747307566755,0.2214466105504187,0.20178508804580259,0.019661522504616114,1.0,0.5158333333333334,0.48416666666666663,False,0.21666666666666667,-0.21666666666666667,0.0004953220270862942,0.18940186324849878,0.6,False
noise:event,noise,19,15,0.003960057988565057,0.00021862261311702047,0.003741435375448037,0.22895437855483167,0.21096318766133473,0.017991190893496933,0.8,0.5291666666666667,0.27083333333333337,False,0.11666666666666667,-0.11666666666666667,0.0004056916793144215,0.17703492278542257,0.4,False
noise:event,noise,20,15,0.005880617349233154,0.0011778356235956572,0.004702781725637497,0.2423306946592359,0.21733932429832292,0.02499137036091298,1.0,0.5783333333333334,0.42166666666666663,False,0.4791666666666667,-0.4791666666666667,-0.0005122672513643402,0.17752013294003638,0.4,False
noise:event,noise,21,15,0.0019372183426209575,0.00018358424357958335,0.001753634099041374,0.19673303447330445,0.19239369970475453,0.004339334768549918,0.8,0.5241666666666667,0.2758333333333334,False,0.0,0.0,-0.0036369317291312154,0.1657832717878082,0.2,False
noise:event,noise,22,15,0.008580326962923185,0.0014153503041424759,0.007164976658780709,0.26168896871374037,0.21930750738339364,0.04238146133034673,1.0,0.5883333333333334,0.4116666666666666,True,0.8041666666666667,0.1958333333333333,0.0005370822047309995,0.18735586299182297,0.4,False
noise:event,noise,23,15,0.007978239982964394,0.0008800666929767898,0.007098173289987604,0.2540098277721105,0.21371124871248615,0.04029857905962436,1.0,0.5399999999999999,0.4600000000000001,True,0.5416666666666666,0.45833333333333337,0.0007397964305539635,0.1871644439168061,0.6,False
noise:event,noise,24,15,0.00408826786797114,0.00044563959677158436,0.0036426282711995556,0.23468261886674152,0.21848177064496077,0.01620084822178075,1.0,0.5283333333333334,0.47166666666666657,False,0.32916666666666666,-0.32916666666666666,0.0041079847936809355,0.20478800495831337,0.8,False
noise:event,noise,25,15,0.0054730628082169785,0.0006711484373646642,0.004801914370852314,0.24728327255661958,0.22094479704179446,0.026338475514825127,1.0,0.5575,0.4425,True,0.48333333333333334,0.5166666666666666,0.003846615324688214,0.20609036549582674,0.8,False
noise:event,noise,26,15,0.00424732832213111,-8.338279198761604e-05,0.004330711114118726,0.23367541376282105,0.2116148258291098,0.022060587933711268,1.0,0.48250000000000004,0.5175,True,0.4,0.6,-0.002942111074449984,0.16554137457331253,0.0,False
noise:event,noise,27,15,0.007860279577357444,0.0015200954327971056,0.006340184144560339,0.2600078344717304,0.22473955971596987,0.035268274755760554,1.0,0.5791666666666667,0.4208333333333333,True,0.9208333333333333,0.07916666666666672,-0.002665997684285752,0.16955273780686547,0.0,False
noise:event,noise,28,15,0.005976713489781292,0.0011707102990226046,0.004806003190758687,0.2419701273280662,0.2163778290534303,0.025592298274635883,1.0,0.5716666666666667,0.42833333333333334,True,0.4875,0.5125,-0.0015967335675026513,0.1635616828546969,0.2,False
noise:event,noise,29,15,0.0090324164330358,0.0009884653989762284,0.008043951034059572,0.25672757731749507,0.2130630389599594,0.04366453835753567,1.0,0.5433333333333333,0.45666666666666667,True,0.5708333333333333,0.4291666666666667,0.002134301366194752,0.1952160352728018,0.6,False
noise:event,noise,30,15,0.005065447725818727,0.0016431835177425057,0.0034222642080762216,0.2392901027704805,0.22129501758217146,0.01799508518830903,1.0,0.625,0.375,True,0.5625,0.4375,8.116877787861686e-05,0.1776774711810822,0.4,False
noise:event,noise,31,15,0.004888052621084801,0.0010295843455757742,0.003858468275509027,0.2580301178673663,0.23215200882982798,0.025878109037538316,0.6,0.5583333333333333,0.04166666666666663,True,0.7666666666666667,0.23333333333333328,-0.002873476843343346,0.1692270275740661,0.2,False
noise:event,noise,32,15,0.005042642311268266,0.0011927657765390374,0.003849876534729229,0.241068042665065,0.22138699695061614,0.01968104571444887,1.0,0.5666666666666667,0.43333333333333335,True,0.8416666666666667,0.15833333333333333,-0.0026716396970154896,0.1680914691784295,0.0,False
noise:event,noise,33,15,0.007052992989141934,0.0002779876883804423,0.006775005300761492,0.2486915368086032,0.21014296861872897,0.03854856818987423,1.0,0.5266666666666667,0.4733333333333333,True,0.32916666666666666,0.6708333333333334,0.0010564755702161944,0.18184510240022117,0.8,False
noise:event,noise,34,15,0.008235383073636209,0.00020323515704713462,0.008032147916589074,0.24826642414059794,0.20279594038069698,0.045470483759900954,1.0,0.5116666666666667,0.4883333333333333,True,0.4166666666666667,0.5833333333333333,0.00016769729762651102,0.1737769866697546,0.6,False
noise:event,noise,35,15,0.005958474337031257,0.00035188991545367,0.0056065844215775875,0.2414607902139471,0.21044786871805357,0.03101292149589352,1.0,0.5383333333333334,0.46166666666666656,True,0.39166666666666666,0.6083333333333334,-0.0020507484680879944,0.17312890392688463,0.2,False
noise:event,noise,36,15,0.005567409133778766,0.0007922381634358495,0.004775170970342916,0.24096393428517318,0.21487046801935056,0.026093466265822624,1.0,0.5608333333333334,0.4391666666666666,False,0.15,-0.15,-0.007757864955280788,0.1468351859264137,0.0,False
noise:event,noise,37,15,0.0051683245563028425,0.001056075984043337,0.004112248572259506,0.2193749527907988,0.20032079230754843,0.01905416048325037,1.0,0.5875,0.4125,False,0.15833333333333333,-0.15833333333333333,0.0008330532710141607,0.19776503921232705,0.6,False
noise:event,noise,38,15,0.004127795187715548,0.001449474757388596,0.002678320430326952,0.23913056887820497,0.22408750787595264,0.015043061002252334,0.6,0.5916666666666667,0.008333333333333304,True,0.8791666666666667,0.12083333333333335,0.002177438898058414,0.1849715436989901,0.8,False
noise:event,noise,39,15,0.006914775553355944,0.0022731734536124283,0.004641602099743515,0.245385254308427,0.22071682599192027,0.02466842831650673,1.0,0.5683333333333335,0.43166666666666653,True,1.0,0.0,-0.0009880348963843628,0.16866395963599531,0.2,False
noise:event,noise,40,15,0.010034569394866733,0.003093319407155055,0.006941249987711678,0.2691440809952485,0.23164297011802584,0.03750111087722266,1.0,0.6058333333333333,0.39416666666666667,True,1.0,0.0,-0.0032943333566440593,0.16739630932558083,0.4,False
noise:event,noise,41,15,0.010222166416673239,0.0009781435935681012,0.009244022823105137,0.2616738457344136,0.20916093374978997,0.05251291198462363,1.0,0.5608333333333334,0.4391666666666666,True,0.45416666666666666,0.5458333333333334,0.0008381407854832679,0.17750312875588423,0.6,False
noise:event,noise,42,15,0.010441875858731825,0.001674235576643774,0.008767640282088051,0.27424194192093876,0.2268597327577572,0.04738220916318156,1.0,0.5675,0.4325,True,0.9208333333333333,0.07916666666666672,-0.0025667189584324774,0.1778225856339382,0.2,False
noise:event,noise,43,15,0.004969671836872562,0.000710020513818854,0.004259651323053708,0.2375129090453485,0.21365092074936795,0.023861988295980546,0.8,0.5583333333333333,0.2416666666666667,True,0.23333333333333334,0.7666666666666666,-0.0023564050664280616,0.16302375847960585,0.2,False
noise:event,noise,44,15,0.00947351625919155,0.0013992951081659678,0.008074221151025582,0.27534399915949626,0.22806936476181264,0.04727463439768362,0.8,0.5566666666666666,0.2433333333333334,True,0.8708333333333333,0.12916666666666665,0.002048814442007225,0.17843673796299156,0.8,False
noise:event,noise,45,15,0.007836139859012246,0.0016827019016300879,0.006153437957382157,0.26101143179386294,0.22664764000774276,0.034363791786120174,1.0,0.5950000000000001,0.4049999999999999,True,0.9208333333333333,0.07916666666666672,8.999344817041287e-05,0.1762134571325804,0.6,False
noise:event,noise,46,15,0.008573682413438775,0.0010715328110590147,0.00750214960237976,0.2561344379574682,0.2146355618672194,0.0414988760902488,1.0,0.5725,0.4275,True,0.49166666666666664,0.5083333333333333,-0.0009581130167312477,0.16747071851141684,0.4,False
noise:event,noise,47,15,0.008910028079096782,0.0014787190628090326,0.0074313090162877495,0.26305426494840684,0.21750181044795144,0.04555245450045539,1.0,0.5916666666666667,0.4083333333333333,True,0.6916666666666667,0.30833333333333335,0.000598004915291879,0.18081834412719383,0.8,False
noise:event,noise,48,15,0.009847453349544236,0.0009584911001024911,0.008888962249441745,0.26967148098367383,0.21968769191708373,0.049983789066590095,0.8,0.5533333333333333,0.2466666666666667,True,0.7541666666666667,0.24583333333333335,-0.0013198656597695221,0.16786128957599916,0.6,False
noise:event,noise,49,15,0.006002463579895199,0.0009857180223539139,0.005016745557541285,0.24935679017508866,0.22049986267789914,0.028856927497189516,1.0,0.575,0.42500000000000004,True,0.5791666666666667,0.4208333333333333,0.0015179843748481662,0.1916581583373219,0.6,False
noise:event,noise,50,15,0.00697811573593328,0.0013907727786828103,0.005587342957250469,0.2588964550345489,0.2283007249228371,0.030595730111711794,1.0,0.5924999999999999,0.4075000000000001,True,0.875,0.125,0.0009172861883807628,0.1795669871694108,0.4,False
noise:event,noise,51,15,0.007798450289288018,0.0005426622718571225,0.007255788017430896,0.25434050375422984,0.21137750203501113,0.04296300171921871,1.0,0.5474999999999999,0.4525000000000001,True,0.1875,0.8125,0.0007669657854501657,0.17484765866141155,0.8,False
noise:event,noise,52,15,0.0066239081537761094,0.0015188053656441673,0.005105102788131942,0.24235111086787603,0.21316181028159437,0.029189300586281663,1.0,0.5858333333333333,0.4141666666666667,True,0.8125,0.1875,-0.002911943713239879,0.17681861246681133,0.2,False
noise:event,noise,53,15,0.009260576897828743,0.0016994042947233547,0.007561172603105388,0.26124734219759277,0.21528118162364948,0.04596616057394329,1.0,0.5833333333333334,0.41666666666666663,True,0.8375,0.16249999999999998,-0.0018019351235200765,0.16690409228246236,0.2,False
noise:event,noise,54,15,0.00129235608314898,0.0009744384939920028,0.00031791758915697725,0.2127462017435478,0.21599331365923985,-0.003247111915692047,0.6,0.5633333333333332,0.036666666666666736,False,0.43333333333333335,-0.43333333333333335,-0.0009121112554285559,0.18099810377428835,0.4,False
noise:event,noise,55,15,0.004419589680761137,0.0005183800692068225,0.003901209611554315,0.23112507897710444,0.21408819340580496,0.01703688557129948,1.0,0.5358333333333334,0.4641666666666666,False,0.20416666666666666,-0.20416666666666666,0.002544859984707966,0.19398184889295944,0.8,False
noise:event,noise,56,15,0.013915195929510108,0.0009362822201038769,0.012978913709406232,0.30214842096950995,0.22268414456980246,0.07946427639970749,1.0,0.55,0.44999999999999996,True,0.7666666666666667,0.23333333333333328,0.0010658807886218418,0.18451146924021286,0.8,False
noise:event,noise,57,15,0.007694725430022517,0.0006583306036849154,0.007036394826337602,0.24636546593726588,0.2036718285921614,0.04269363734510448,1.0,0.5299999999999999,0.4700000000000001,True,0.18333333333333332,0.8166666666666667,-0.0009687781550652445,0.1690154579494731,0.2,False
noise:event,noise,58,15,0.010348121792031284,0.0009729208119899253,0.009375200980041359,0.2689575679942115,0.21302834619245084,0.05592922180176066,1.0,0.5549999999999999,0.44500000000000006,True,0.48333333333333334,0.5166666666666666,0.0007602961946135331,0.18689766659813886,0.8,False
noise:event,noise,59,15,0.003318506361371308,0.0003887561911677849,0.002929750170203523,0.2200057798489392,0.20309972725168393,0.016906052597255278,1.0,0.5383333333333333,0.46166666666666667,False,0.0,0.0,0.003532436180740286,0.20064133432526524,1.0,True
