domain,focal_seed,peer_seed,schedule,family,focal_baseline_risk,peer_baseline_risk,active,cliff,self_rmse,peer_rmse
CURE-OR,113,127,211,2,0.2,0.22,True,False,0.0,0.0057735026918962545
CURE-OR,113,127,211,6,0.2,0.22,True,False,0.0,0.027080128015453207
CURE-OR,113,151,211,11,0.3,0.28,False,False,0.0,0.0
CURE-OR,113,151,211,12,0.3,0.28,True,False,0.0,0.019999999999999993
CURE-OR,113,151,211,13,0.3,0.28,True,True,0.0,0.034156502553198666
CURE-OR,113,151,211,14,0.3,0.28,True,True,0.0,0.021602468994692866
CURE-OR,113,151,211,15,0.3,0.28,True,False,0.0,0.02768874620972691
CURE-OR,113,151,211,16,0.3,0.28,True,True,0.0,0.0282842712474619
CURE-OR,113,151,211,17,0.3,0.28,True,True,0.0,0.032145502536643174
CURE-OR,113,151,211,18,0.3,0.28,True,True,0.0,0.04898979485566355
CURE-OR,113,127,223,2,0.2,0.22,True,False,0.0,0.0057735026918962545
CURE-OR,113,127,223,6,0.2,0.22,True,False,0.0,0.024494897427831782
CURE-OR,113,151,223,11,0.3,0.28,False,False,0.0,0.0
CURE-OR,113,151,223,12,0.3,0.28,True,False,0.0,0.023094010767585018
CURE-OR,113,151,223,13,0.3,0.28,True,True,0.0,0.033166247903554005
CURE-OR,113,151,223,14,0.3,0.28,True,True,0.0,0.023094010767585032
CURE-OR,113,151,223,15,0.3,0.28,True,False,0.0,0.035118845842842444
CURE-OR,113,151,223,16,0.3,0.28,True,True,0.0,0.03265986323710905
CURE-OR,113,151,223,17,0.3,0.28,True,True,0.0,0.04358898943540674
CURE-OR,113,151,223,18,0.3,0.28,True,True,0.0,0.06164414002968976
CURE-OR,113,127,227,2,0.2,0.22,True,False,0.0,0.0057735026918962545
CURE-OR,113,127,227,6,0.2,0.22,True,False,0.0,0.021602468994692862
CURE-OR,113,151,227,11,0.3,0.28,False,False,0.0,0.0
CURE-OR,113,151,227,12,0.3,0.28,True,False,0.0,0.019999999999999997
CURE-OR,113,151,227,13,0.3,0.28,True,True,0.0,0.03000000000000001
CURE-OR,113,151,227,14,0.3,0.28,True,True,0.0,0.020000000000000018
CURE-OR,113,151,227,15,0.3,0.28,True,False,0.0,0.033166247903554
CURE-OR,113,151,227,16,0.3,0.28,True,True,0.0,0.028284271247461912
CURE-OR,113,151,227,17,0.3,0.28,True,True,0.0,0.04725815626252608
CURE-OR,113,151,227,18,0.3,0.28,True,True,0.0,0.054772255750516606
CURE-OR,127,113,211,2,0.22,0.2,False,False,0.0,0.005773502691896258
CURE-OR,127,113,211,6,0.22,0.2,True,False,0.0,0.0270801280154532
CURE-OR,127,113,211,11,0.32,0.3,True,False,0.0,0.010000000000000009
CURE-OR,127,113,211,12,0.32,0.3,True,False,0.0,0.016329931618554522
CURE-OR,127,113,211,13,0.32,0.3,True,True,0.0,0.022360679774997887
CURE-OR,127,113,211,14,0.32,0.3,True,True,0.0,0.02768874620972694
CURE-OR,127,113,211,15,0.32,0.3,True,False,0.0,0.024494897427831782
CURE-OR,127,113,211,16,0.32,0.3,True,True,0.0,0.042031734043061646
CURE-OR,127,113,211,17,0.32,0.3,True,False,0.0,0.04203173404306164
CURE-OR,127,113,211,18,0.32,0.3,True,True,0.0,0.0532290647422377
CURE-OR,127,113,223,2,0.22,0.2,False,False,0.0,0.005773502691896258
CURE-OR,127,113,223,6,0.22,0.2,True,False,0.0,0.02449489742783178
CURE-OR,127,113,223,11,0.32,0.3,True,False,0.0,0.012909944487358068
CURE-OR,127,113,223,12,0.32,0.3,True,False,0.0,0.01825741858350554
CURE-OR,127,113,223,13,0.32,0.3,True,True,0.0,0.020816659994661313
CURE-OR,127,113,223,14,0.32,0.3,True,True,0.0,0.02516611478423584
CURE-OR,127,113,223,15,0.32,0.3,True,False,0.0,0.028284271247461905
CURE-OR,127,113,223,16,0.32,0.3,True,True,0.0,0.028867513459481284
CURE-OR,127,113,223,17,0.32,0.3,True,False,0.0,0.02081665999466133
CURE-OR,127,113,223,18,0.32,0.3,True,True,0.0,0.048648398397754755
CURE-OR,127,113,227,2,0.22,0.2,False,False,0.0,0.005773502691896258
CURE-OR,127,113,227,6,0.22,0.2,True,False,0.0,0.021602468994692866
CURE-OR,127,113,227,11,0.32,0.3,True,False,0.0,0.010000000000000009
CURE-OR,127,113,227,12,0.32,0.3,True,False,0.0,0.01825741858350554
CURE-OR,127,113,227,13,0.32,0.3,True,True,0.0,0.020816659994661327
CURE-OR,127,113,227,14,0.32,0.3,True,True,0.0,0.02380476142847618
CURE-OR,127,113,227,15,0.32,0.3,True,False,0.0,0.034641016151377546
CURE-OR,127,113,227,16,0.32,0.3,True,True,0.0,0.026457513110645918
CURE-OR,127,113,227,17,0.32,0.3,True,False,0.0,0.04123105625617661
CURE-OR,127,113,227,18,0.32,0.3,True,True,0.0,0.05196152422706631
CURE-OR,139,163,211,2,0.16,0.18,True,False,0.0,0.008164965809277263
CURE-OR,139,163,211,6,0.16,0.18,True,False,0.0,0.011547005383792521
CURE-OR,139,163,211,11,0.22,0.26,True,False,0.0,0.008164965809277256
CURE-OR,139,163,211,12,0.22,0.26,True,False,0.0,0.014142135623730954
CURE-OR,139,163,211,13,0.22,0.26,True,True,0.0,0.045092497528228956
CURE-OR,139,163,211,14,0.22,0.26,True,True,0.0,0.029439202887759478
CURE-OR,139,163,211,15,0.22,0.26,True,False,0.0,0.026457513110645915
CURE-OR,139,163,211,16,0.22,0.26,True,True,0.0,0.032659863237109045
CURE-OR,139,163,211,17,0.22,0.26,True,True,0.0,0.03366501646120691
CURE-OR,139,163,211,18,0.22,0.26,True,True,0.0,0.02943920288775949
CURE-OR,139,163,223,2,0.16,0.18,True,False,0.0,0.008164965809277263
CURE-OR,139,163,223,6,0.16,0.18,True,False,0.0,0.018257418583505537
CURE-OR,139,163,223,11,0.22,0.26,True,False,0.0,0.008164965809277256
CURE-OR,139,163,223,12,0.22,0.26,True,False,0.0,0.01825741858350554
CURE-OR,139,163,223,13,0.22,0.26,True,True,0.0,0.0412310562561766
CURE-OR,139,163,223,14,0.22,0.26,True,True,0.0,0.01825741858350555
CURE-OR,139,163,223,15,0.22,0.26,True,False,0.0,0.03214550253664319
CURE-OR,139,163,223,16,0.22,0.26,True,True,0.0,0.038297084310253526
CURE-OR,139,163,223,17,0.22,0.26,True,True,0.0,0.0374165738677394
CURE-OR,139,163,223,18,0.22,0.26,True,True,0.0,0.02449489742783177
CURE-OR,139,163,227,2,0.16,0.18,True,False,0.0,0.008164965809277263
CURE-OR,139,163,227,6,0.16,0.18,True,False,0.0,0.024494897427831785
CURE-OR,139,163,227,11,0.22,0.26,True,False,0.0,0.008164965809277256
CURE-OR,139,163,227,12,0.22,0.26,True,False,0.0,0.02309401076758504
CURE-OR,139,163,227,13,0.22,0.26,True,True,0.0,0.05446711546122731
CURE-OR,139,163,227,14,0.22,0.26,True,True,0.0,0.018257418583505537
CURE-OR,139,163,227,15,0.22,0.26,True,False,0.0,0.026457513110645904
CURE-OR,139,163,227,16,0.22,0.26,True,True,0.0,0.03464101615137755
CURE-OR,139,163,227,17,0.22,0.26,True,True,0.0,0.03829708431025353
CURE-OR,139,163,227,18,0.22,0.26,True,True,0.0,0.035590260840104374
CURE-OR,151,139,211,2,0.12,0.16,True,False,0.0,0.009999999999999997
CURE-OR,151,139,211,6,0.12,0.16,True,False,0.0,0.012909944487358058
CURE-OR,151,113,211,11,0.28,0.3,False,False,0.0,0.0
CURE-OR,151,113,211,12,0.28,0.3,True,False,0.0,0.020000000000000004
CURE-OR,151,113,211,13,0.28,0.3,True,True,0.0,0.034156502553198666
CURE-OR,151,113,211,14,0.28,0.3,True,True,0.0,0.021602468994692866
CURE-OR,151,113,211,15,0.28,0.3,True,False,0.0,0.02768874620972691
CURE-OR,151,113,211,16,0.28,0.3,True,True,0.0,0.028284271247461894
CURE-OR,151,113,211,17,0.28,0.3,True,True,0.0,0.03214550253664319
CURE-OR,151,113,211,18,0.28,0.3,True,True,0.0,0.04898979485566358
CURE-OR,151,139,223,2,0.12,0.16,True,False,0.0,0.010000000000000002
CURE-OR,151,139,223,6,0.12,0.16,True,False,0.0,0.01290994448735806
CURE-OR,151,113,223,11,0.28,0.3,False,False,0.0,0.0
CURE-OR,151,113,223,12,0.28,0.3,True,False,0.0,0.023094010767585042
CURE-OR,151,113,223,13,0.28,0.3,True,True,0.0,0.03316624790355399
CURE-OR,151,113,223,14,0.28,0.3,True,True,0.0,0.023094010767585025
CURE-OR,151,113,223,15,0.28,0.3,True,False,0.0,0.03511884584284245
CURE-OR,151,113,223,16,0.28,0.3,True,True,0.0,0.03265986323710906
CURE-OR,151,113,223,17,0.28,0.3,True,True,0.0,0.04358898943540674
CURE-OR,151,113,223,18,0.28,0.3,True,True,0.0,0.06164414002968979
CURE-OR,151,139,227,2,0.12,0.16,True,False,0.0,0.010000000000000002
CURE-OR,151,139,227,6,0.12,0.16,True,False,0.0,0.012909944487358056
CURE-OR,151,113,227,11,0.28,0.3,False,False,0.0,0.0
CURE-OR,151,113,227,12,0.28,0.3,True,False,0.0,0.02
CURE-OR,151,113,227,13,0.28,0.3,True,True,0.0,0.03000000000000001
CURE-OR,151,113,227,14,0.28,0.3,True,True,0.0,0.01999999999999998
CURE-OR,151,113,227,15,0.28,0.3,True,False,0.0,0.03316624790355399
CURE-OR,151,113,227,16,0.28,0.3,True,True,0.0,0.0282842712474619
CURE-OR,151,113,227,17,0.28,0.3,True,True,0.0,0.047258156262526094
CURE-OR,151,113,227,18,0.28,0.3,True,True,0.0,0.054772255750516634
CURE-OR,163,139,211,2,0.18,0.16,False,False,0.0,0.008164965809277261
CURE-OR,163,139,211,6,0.18,0.16,True,False,0.0,0.011547005383792512
CURE-OR,163,151,211,11,0.26,0.28,False,False,0.0,0.0
CURE-OR,163,151,211,12,0.26,0.28,True,False,0.0,0.01825741858350554
CURE-OR,163,151,211,13,0.26,0.28,True,True,0.0,0.0412310562561766
CURE-OR,163,151,211,14,0.26,0.28,True,True,0.0,0.012909944487358039
CURE-OR,163,151,211,15,0.26,0.28,True,False,0.0,0.02081665999466133
CURE-OR,163,151,211,16,0.26,0.28,True,True,0.0,0.041231056256176596
CURE-OR,163,151,211,17,0.26,0.28,True,True,0.0,0.033166247903554005
CURE-OR,163,151,211,18,0.26,0.28,True,True,0.0,0.029439202887759496
CURE-OR,163,139,223,2,0.18,0.16,False,False,0.0,0.008164965809277261
CURE-OR,163,139,223,6,0.18,0.16,True,False,0.0,0.018257418583505533
CURE-OR,163,151,223,11,0.26,0.28,False,False,0.0,0.0
CURE-OR,163,151,223,12,0.26,0.28,True,False,0.0,0.014142135623730949
CURE-OR,163,151,223,13,0.26,0.28,True,True,0.0,0.03214550253664318
CURE-OR,163,151,223,14,0.26,0.28,True,True,0.0,0.022360679774997894
CURE-OR,163,151,223,15,0.26,0.28,True,False,0.0,0.020816659994661337
CURE-OR,163,151,223,16,0.26,0.28,True,True,0.0,0.03415650255319866
CURE-OR,163,151,223,17,0.26,0.28,True,True,0.0,0.042031734043061646
CURE-OR,163,151,223,18,0.26,0.28,True,True,0.0,0.03366501646120693
CURE-OR,163,139,227,2,0.18,0.16,False,False,0.0,0.008164965809277261
CURE-OR,163,139,227,6,0.18,0.16,True,False,0.0,0.024494897427831782
CURE-OR,163,151,227,11,0.26,0.28,False,False,0.0,0.0
CURE-OR,163,151,227,12,0.26,0.28,True,False,0.0,0.02160246899469287
CURE-OR,163,151,227,13,0.26,0.28,True,True,0.0,0.03785938897200182
CURE-OR,163,151,227,14,0.26,0.28,True,True,0.0,0.02380476142847615
CURE-OR,163,151,227,15,0.26,0.28,True,False,0.0,0.019148542155126767
CURE-OR,163,151,227,16,0.26,0.28,True,True,0.0,0.03415650255319865
CURE-OR,163,151,227,17,0.26,0.28,True,True,0.0,0.04203173404306163
CURE-OR,163,151,227,18,0.26,0.28,True,True,0.0,0.029439202887759478
CIFAR-10-C,31,47,severity,gaussian_noise,0.3238,0.3347,True,True,2.237726045655905e-17,0.01638529828840477
CIFAR-10-C,31,47,severity,shot_noise,0.3238,0.3347,True,True,1.8619006149354548e-17,0.013670479143029341
CIFAR-10-C,31,47,severity,impulse_noise,0.3238,0.3347,True,True,4.654751537338637e-17,0.013083806785488676
CIFAR-10-C,31,47,severity,defocus_blur,0.3238,0.3347,True,True,3.273069708340169e-17,0.0067458135165449
CIFAR-10-C,31,47,severity,glass_blur,0.3238,0.3347,True,True,3.937478387536527e-17,0.034803936558958415
CIFAR-10-C,31,47,severity,motion_blur,0.3238,0.3347,True,True,3.61888430622384e-17,0.004892443152454618
CIFAR-10-C,31,47,severity,zoom_blur,0.3238,0.3347,True,True,3.413484460715e-17,0.006229767250869019
CIFAR-10-C,31,47,severity,snow,0.3238,0.3347,True,True,2.0584085788909643e-17,0.014024478599933778
CIFAR-10-C,31,47,severity,frost,0.3238,0.3347,True,True,3.0562657329293366e-17,0.008803862788571839
CIFAR-10-C,31,47,severity,fog,0.3238,0.3347,True,True,3.7367087251761353e-17,0.005567405140637783
CIFAR-10-C,31,47,severity,brightness,0.3238,0.3347,True,False,3.025588499270114e-17,0.002527844931952902
CIFAR-10-C,31,47,severity,contrast,0.3238,0.3347,True,True,5.559781974809367e-17,0.00850541004302556
CIFAR-10-C,31,47,severity,elastic_transform,0.3238,0.3347,True,False,1.642041997679149e-17,0.013523535040809402
CIFAR-10-C,31,47,severity,pixelate,0.3238,0.3347,True,True,3.825842074281555e-17,0.02653639010867909
CIFAR-10-C,31,47,severity,jpeg_compression,0.3238,0.3347,True,False,7.601177430610146e-18,0.005848247600777521
CIFAR-10-C,47,61,severity,gaussian_noise,0.3347,0.3349,True,True,2.1046707277126847e-17,0.03670771036172102
CIFAR-10-C,47,61,severity,shot_noise,0.3347,0.3349,True,True,3.356589068483857e-17,0.03439447630070853
CIFAR-10-C,47,61,severity,impulse_noise,0.3347,0.3349,True,True,2.9925865470192585e-17,0.012147263066221978
CIFAR-10-C,47,61,severity,defocus_blur,0.3347,0.3349,True,True,2.797157557069881e-17,0.008689303769577852
CIFAR-10-C,47,61,severity,glass_blur,0.3347,0.3349,True,True,3.825842074281555e-17,0.04637298782696668
CIFAR-10-C,47,61,severity,motion_blur,0.3347,0.3349,True,True,1.7826341206873998e-17,0.009710921686431203
CIFAR-10-C,47,61,severity,zoom_blur,0.3347,0.3349,True,True,2.3273757686693185e-17,0.006837982158502615
CIFAR-10-C,47,61,severity,snow,0.3347,0.3349,True,True,3.11864493316497e-17,0.02318585775855617
CIFAR-10-C,47,61,severity,frost,0.3347,0.3349,True,True,2.342840229615247e-17,0.015140607649628858
CIFAR-10-C,47,61,severity,fog,0.3347,0.3349,True,True,5.4548710012962536e-17,0.009276313923105408
CIFAR-10-C,47,61,severity,brightness,0.3347,0.3349,True,False,1.6800866271542495e-17,0.0037301474501687014
CIFAR-10-C,47,61,severity,contrast,0.3347,0.3349,True,True,4.163336342344337e-17,0.00921281715871971
CIFAR-10-C,47,61,severity,elastic_transform,0.3347,0.3349,True,False,2.7052788744732946e-17,0.00926876475049402
CIFAR-10-C,47,61,severity,pixelate,0.3347,0.3349,True,False,1.4304896245381992e-17,0.02559124850412735
CIFAR-10-C,47,61,severity,jpeg_compression,0.3347,0.3349,True,False,2.3013707539344673e-17,0.005406662556513027
CIFAR-10-C,61,47,severity,gaussian_noise,0.3349,0.3347,True,True,3.697851079363442e-17,0.03670771036172103
CIFAR-10-C,61,47,severity,shot_noise,0.3349,0.3347,True,True,5.985173094038517e-17,0.03439447630070854
CIFAR-10-C,61,47,severity,impulse_noise,0.3349,0.3347,True,True,2.237726045655905e-17,0.012147263066221966
CIFAR-10-C,61,47,severity,defocus_blur,0.3349,0.3347,True,True,3.254629732262919e-17,0.008689303769577852
CIFAR-10-C,61,47,severity,glass_blur,0.3349,0.3347,True,True,4.322212449724815e-17,0.04637298782696671
CIFAR-10-C,61,47,severity,motion_blur,0.3349,0.3347,True,True,3.838406449890678e-17,0.00971092168643123
CIFAR-10-C,61,47,severity,zoom_blur,0.3349,0.3347,True,True,3.57874756446653e-17,0.006837982158502607
CIFAR-10-C,61,47,severity,snow,0.3349,0.3347,True,True,3.224906463711944e-17,0.023185857758556205
CIFAR-10-C,61,47,severity,frost,0.3349,0.3347,True,True,3.5245209804025386e-17,0.015140607649628872
CIFAR-10-C,61,47,severity,fog,0.3349,0.3347,True,True,3.7367087251761353e-17,0.009276313923105425
CIFAR-10-C,61,47,severity,brightness,0.3349,0.3347,True,False,1.986996825864056e-17,0.0037301474501686923
CIFAR-10-C,61,47,severity,contrast,0.3349,0.3347,True,True,2.9764538874609305e-17,0.009212817158719676
CIFAR-10-C,61,47,severity,elastic_transform,0.3349,0.3347,True,False,1.642041997679149e-17,0.009268764750493996
CIFAR-10-C,61,47,severity,pixelate,0.3349,0.3347,True,True,3.825842074281555e-17,0.02559124850412735
CIFAR-10-C,61,47,severity,jpeg_compression,0.3349,0.3347,True,False,2.237726045655905e-17,0.00540666255651303
