domain,focal_seed,peer_seed,schedule,family,focal_baseline_risk,peer_baseline_risk,active,cliff,self_rmse,peer_rmse,incorrect_rmse,focal_delta_rms,focal_delta_mae,peer_nrmse_rms,peer_rmse_over_mae
CURE-OR,113,127,211,2,0.2,0.22,True,False,0.0,0.0057735026918962,,0.0057735026918962545,0.001666666666666666,0.9999999999999906,3.4641016151377215
CURE-OR,113,127,211,6,0.2,0.22,True,False,0.0,0.0270801280154532,,0.020816659994661327,0.015,1.3008872711759818,1.80534186769688
CURE-OR,113,151,211,11,0.3,0.28,False,False,0.0,0.0,,0.0,0.0,,
CURE-OR,113,151,211,12,0.3,0.28,True,False,0.0,0.0199999999999999,,0.014142135623730944,0.009999999999999995,1.4142135623730887,1.999999999999991
CURE-OR,113,151,211,13,0.3,0.28,True,True,0.0,0.0341565025531986,,0.03214550253664319,0.028333333333333346,1.0625592962581016,1.2055236195246561
CURE-OR,113,151,211,14,0.3,0.28,True,True,0.0,0.0216024689946928,,0.07767453465154028,0.05833333333333333,0.27811520328515316,0.37032803990901947
CURE-OR,113,151,211,15,0.3,0.28,True,False,0.0,0.0276887462097269,,0.023804761428476155,0.018333333333333323,1.1631599960755992,1.5102952478032863
CURE-OR,113,151,211,16,0.3,0.28,True,True,0.0,0.0282842712474619,,0.058594652770823166,0.04833333333333334,0.4827107920254777,0.5851918189130048
CURE-OR,113,151,211,17,0.3,0.28,True,True,0.0,0.0321455025366431,,0.04472135954999579,0.029999999999999995,0.718795288428259,1.0715167512214367
CURE-OR,113,151,211,18,0.3,0.28,True,True,0.0,0.0489897948556635,,0.06879922480183431,0.06000000000000002,0.712068994916311,0.8164965809277248
CURE-OR,113,127,223,2,0.2,0.22,True,False,0.0,0.0057735026918962,,0.0057735026918962545,0.001666666666666666,0.9999999999999906,3.4641016151377215
CURE-OR,113,127,223,6,0.2,0.22,True,False,0.0,0.0244948974278317,,0.012909944487358055,0.008333333333333331,1.8973665961010215,2.9393876913398045
CURE-OR,113,151,223,11,0.3,0.28,False,False,0.0,0.0,,0.0,0.0,,
CURE-OR,113,151,223,12,0.3,0.28,True,False,0.0,0.023094010767585,,0.011547005383792502,0.006666666666666658,1.9999999999999998,3.4641016151377544
CURE-OR,113,151,223,13,0.3,0.28,True,True,0.0,0.033166247903554,,0.026457513110645915,0.02166666666666667,1.253566341056017,1.5307499032409535
CURE-OR,113,151,223,14,0.3,0.28,True,True,0.0,0.023094010767585,,0.0732575365861197,0.05166666666666667,0.31524416249563986,0.44698085356616124
CURE-OR,113,151,223,15,0.3,0.28,True,False,0.0,0.0351188458428424,,0.019148542155126756,0.014999999999999994,1.8340219092574532,2.3412563895228278
CURE-OR,113,151,223,16,0.3,0.28,True,True,0.0,0.032659863237109,,0.053851648071345036,0.04833333333333333,0.606478434863122,0.6757213083539794
CURE-OR,113,151,223,17,0.3,0.28,True,True,0.0,0.0435889894354067,,0.0447213595499958,0.030000000000000013,0.9746794344808954,1.452966314513556
CURE-OR,113,151,223,18,0.3,0.28,True,True,0.0,0.0616441400296897,,0.07164728420068225,0.05666666666666667,0.8603834844182789,1.0878377652298181
CURE-OR,113,127,227,2,0.2,0.22,True,False,0.0,0.0057735026918962,,0.0057735026918962545,0.001666666666666666,0.9999999999999906,3.4641016151377215
CURE-OR,113,127,227,6,0.2,0.22,True,False,0.0,0.0216024689946928,,0.019148542155126756,0.014999999999999994,1.1281521496355293,1.4401645996461871
CURE-OR,113,151,227,11,0.3,0.28,False,False,0.0,0.0,,0.0,0.0,,
CURE-OR,113,151,227,12,0.3,0.28,True,False,0.0,0.0199999999999999,,0.011547005383792502,0.006666666666666658,1.7320508075688705,2.999999999999989
CURE-OR,113,151,227,13,0.3,0.28,True,True,0.0,0.03,,0.027688746209726924,0.02166666666666667,1.0834726777719226,1.3846153846153844
CURE-OR,113,151,227,14,0.3,0.28,True,True,0.0,0.02,,0.07461009761866463,0.05833333333333335,0.2680602309652622,0.3428571428571428
CURE-OR,113,151,227,15,0.3,0.28,True,False,0.0,0.033166247903554,,0.02380476142847616,0.01833333333333333,1.3932610920384723,1.809068067466582
CURE-OR,113,151,227,16,0.3,0.28,True,True,0.0,0.0282842712474619,,0.06082762530298221,0.04833333333333334,0.464990554975277,0.5851918189130048
CURE-OR,113,151,227,17,0.3,0.28,True,True,0.0,0.047258156262526,,0.05033222956847168,0.03333333333333335,0.9389243565742755,1.4177446878757793
CURE-OR,113,151,227,18,0.3,0.28,True,True,0.0,0.0547722557505166,,0.06633249580710801,0.05666666666666667,0.8257228238447701,0.9665692191267634
CURE-OR,127,113,211,2,0.22,0.2,False,False,0.0,0.0057735026918962,,0.0,0.0,,
CURE-OR,127,113,211,6,0.22,0.2,True,False,0.0,0.0270801280154532,,0.02645751311064591,0.014999999999999998,1.0235326314383177,1.8053418676968802
CURE-OR,127,113,211,11,0.32,0.3,True,False,0.0,0.01,,0.010000000000000009,0.0050000000000000044,0.9999999999999991,1.9999999999999982
CURE-OR,127,113,211,12,0.32,0.3,True,False,0.0,0.0163299316185545,,0.014142135623730956,0.010000000000000004,1.1547005383792497,1.6329931618554496
CURE-OR,127,113,211,13,0.32,0.3,True,True,0.0,0.0223606797749978,,0.030550504633038923,0.02333333333333332,0.731925054711397,0.9583148474999063
CURE-OR,127,113,211,14,0.32,0.3,True,True,0.0,0.0276887462097269,,0.07023769168568492,0.053333333333333295,0.3942149228598599,0.5191639914323797
CURE-OR,127,113,211,15,0.32,0.3,True,False,0.0,0.0244948974278317,,0.022360679774997904,0.01833333333333334,1.0954451150103282,1.3360853142453648
CURE-OR,127,113,211,16,0.32,0.3,True,True,0.0,0.0420317340430616,,0.04898979485566356,0.04,0.8579691784155826,1.05079335107654
CURE-OR,127,113,211,17,0.32,0.3,True,False,0.0,0.0420317340430616,,0.049999999999999996,0.041666666666666664,0.840634680861232,1.0087616170334783
CURE-OR,127,113,211,18,0.32,0.3,True,True,0.0,0.0532290647422377,,0.060827625302982184,0.045000000000000005,0.8750804338835179,1.1828681053830599
CURE-OR,127,113,223,2,0.22,0.2,False,False,0.0,0.0057735026918962,,0.0,0.0,,
CURE-OR,127,113,223,6,0.22,0.2,True,False,0.0,0.0244948974278317,,0.023804761428476165,0.014999999999999998,1.0289915108550496,1.6329931618554467
CURE-OR,127,113,223,11,0.32,0.3,True,False,0.0,0.012909944487358,,0.012909944487358068,0.0050000000000000044,0.9999999999999948,2.581988897471598
CURE-OR,127,113,223,12,0.32,0.3,True,False,0.0,0.0182574185835055,,0.011547005383792518,0.006666666666666668,1.581138830084186,2.7386127875258244
CURE-OR,127,113,223,13,0.32,0.3,True,True,0.0,0.0208166599946613,,0.029439202887759475,0.02666666666666664,0.7071067811865469,0.7806247497997995
CURE-OR,127,113,223,14,0.32,0.3,True,True,0.0,0.0251661147842358,,0.06976149845485449,0.05000000000000001,0.36074504334968976,0.5033222956847159
CURE-OR,127,113,223,15,0.32,0.3,True,False,0.0,0.0282842712474619,,0.020816659994661327,0.015000000000000005,1.3587324409735149,1.8856180831641263
CURE-OR,127,113,223,16,0.32,0.3,True,True,0.0,0.0288675134594812,,0.0496655480858378,0.03666666666666667,0.5812381937190947,0.7872958216222146
CURE-OR,127,113,223,17,0.32,0.3,True,False,0.0,0.0208166599946613,,0.042031734043061646,0.02833333333333334,0.4952605565436478,0.7347056468703986
CURE-OR,127,113,223,18,0.32,0.3,True,True,0.0,0.0486483983977547,,0.06298147875897062,0.051666666666666666,0.7724238832805363,0.9415819044726716
CURE-OR,127,113,227,2,0.22,0.2,False,False,0.0,0.0057735026918962,,0.0,0.0,,
CURE-OR,127,113,227,6,0.22,0.2,True,False,0.0,0.0216024689946928,,0.020816659994661327,0.014999999999999998,1.0377490433255385,1.440164599646187
CURE-OR,127,113,227,11,0.32,0.3,True,False,0.0,0.01,,0.010000000000000009,0.0050000000000000044,0.9999999999999991,1.9999999999999982
CURE-OR,127,113,227,12,0.32,0.3,True,False,0.0,0.0182574185835055,,0.016329931618554526,0.010000000000000004,1.118033988749892,1.8257418583505491
CURE-OR,127,113,227,13,0.32,0.3,True,True,0.0,0.0208166599946613,,0.02943920288775949,0.026666666666666658,0.7071067811865466,0.780624749799799
CURE-OR,127,113,227,14,0.32,0.3,True,True,0.0,0.0238047614284761,,0.07118052168020873,0.05000000000000001,0.33442802702996843,0.4760952285695219
CURE-OR,127,113,227,15,0.32,0.3,True,False,0.0,0.0346410161513775,,0.019148542155126767,0.015000000000000005,1.8090680674665789,2.309401076758499
CURE-OR,127,113,227,16,0.32,0.3,True,True,0.0,0.0264575131106459,,0.04690415759823429,0.04,0.5640760748177661,0.6614378277661475
CURE-OR,127,113,227,17,0.32,0.3,True,False,0.0,0.0412310562561766,,0.04795831523312719,0.035,0.8597269536210952,1.1780301787479028
CURE-OR,127,113,227,18,0.32,0.3,True,True,0.0,0.0519615242270663,,0.05744562646538029,0.045000000000000005,0.9045340337332904,1.154700538379251
CURE-OR,139,163,211,2,0.16,0.18,True,False,0.0,0.0081649658092772,,0.008164965809277263,0.003333333333333334,0.9999999999999923,2.4494897427831597
CURE-OR,139,163,211,6,0.16,0.18,True,False,0.0,0.0115470053837925,,0.0223606797749979,0.015000000000000001,0.5163977794943215,0.7698003589194999
CURE-OR,139,163,211,11,0.22,0.26,True,False,0.0,0.0081649658092772,,0.008164965809277256,0.003333333333333332,0.9999999999999932,2.4494897427831615
CURE-OR,139,163,211,12,0.22,0.26,True,False,0.0,0.0141421356237309,,0.01825741858350554,0.013333333333333336,0.7745966692414805,1.0606601717798174
CURE-OR,139,163,211,13,0.22,0.26,True,True,0.0,0.0450924975282289,,0.052281290471193745,0.043333333333333335,0.8624977907359466,1.0405960968052823
CURE-OR,139,163,211,14,0.22,0.26,True,True,0.0,0.0294392028877594,,0.08602325267042626,0.06666666666666667,0.3422237822202256,0.44158804331639095
CURE-OR,139,163,211,15,0.22,0.26,True,False,0.0,0.0264575131106459,,0.028284271247461915,0.02000000000000001,0.9354143466934847,1.3228756555322942
CURE-OR,139,163,211,16,0.22,0.26,True,True,0.0,0.032659863237109,,0.05537749241945384,0.05000000000000001,0.5897678246195878,0.65319726474218
CURE-OR,139,163,211,17,0.22,0.26,True,True,0.0,0.0336650164612069,,0.04690415759823429,0.043333333333333335,0.7177405625652729,0.7768849952586206
CURE-OR,139,163,211,18,0.22,0.26,True,True,0.0,0.0294392028877594,,0.07483314773547883,0.060000000000000005,0.3933978962347203,0.4906533814626566
CURE-OR,139,163,223,2,0.16,0.18,True,False,0.0,0.0081649658092772,,0.008164965809277263,0.003333333333333334,0.9999999999999923,2.4494897427831597
CURE-OR,139,163,223,6,0.16,0.18,True,False,0.0,0.0182574185835055,,0.019148542155126756,0.014999999999999998,0.9534625892455906,1.2171612389003668
CURE-OR,139,163,223,11,0.22,0.26,True,False,0.0,0.0081649658092772,,0.008164965809277256,0.003333333333333332,0.9999999999999932,2.4494897427831615
CURE-OR,139,163,223,12,0.22,0.26,True,False,0.0,0.0182574185835055,,0.02160246899469287,0.016666666666666666,0.8451542547285147,1.09544511501033
CURE-OR,139,163,223,13,0.22,0.26,True,True,0.0,0.0412310562561766,,0.04898979485566356,0.04,0.8416254115301732,1.0307764064044151
CURE-OR,139,163,223,14,0.22,0.26,True,True,0.0,0.0182574185835055,,0.08485281374238571,0.060000000000000005,0.21516574145596715,0.30429030972509163
CURE-OR,139,163,223,15,0.22,0.26,True,False,0.0,0.0321455025366431,,0.02160246899469287,0.013333333333333334,1.4880476182856859,2.410912690248232
CURE-OR,139,163,223,16,0.22,0.26,True,True,0.0,0.0382970843102535,,0.06110100926607788,0.049999999999999996,0.6267831705280081,0.7659416862050701
CURE-OR,139,163,223,17,0.22,0.26,True,True,0.0,0.0374165738677394,,0.04760952285695233,0.04000000000000001,0.7859052479933756,0.9354143466934849
CURE-OR,139,163,223,18,0.22,0.26,True,True,0.0,0.0244948974278317,,0.07023769168568493,0.060000000000000005,0.34874291623145665,0.40824829046386163
CURE-OR,139,163,227,2,0.16,0.18,True,False,0.0,0.0081649658092772,,0.008164965809277263,0.003333333333333334,0.9999999999999923,2.4494897427831597
CURE-OR,139,163,227,6,0.16,0.18,True,False,0.0,0.0244948974278317,,0.02081665999466133,0.015000000000000001,1.1766968108291,1.6329931618554465
CURE-OR,139,163,227,11,0.22,0.26,True,False,0.0,0.0081649658092772,,0.008164965809277256,0.003333333333333332,0.9999999999999932,2.4494897427831615
CURE-OR,139,163,227,12,0.22,0.26,True,False,0.0,0.023094010767585,,0.020000000000000004,0.013333333333333336,1.15470053837925,1.7320508075688748
CURE-OR,139,163,227,13,0.22,0.26,True,True,0.0,0.0544671154612273,,0.059441848333756694,0.04666666666666667,0.9163092499311757,1.1671524741691564
CURE-OR,139,163,227,14,0.22,0.26,True,True,0.0,0.0182574185835055,,0.08793937305515281,0.06666666666666668,0.20761369963434945,0.2738612787525824
CURE-OR,139,163,227,15,0.22,0.26,True,False,0.0,0.0264575131106459,,0.019999999999999993,0.013333333333333329,1.3228756555322954,1.9843134832984433
CURE-OR,139,163,227,16,0.22,0.26,True,True,0.0,0.0346410161513775,,0.0632455532033676,0.053333333333333344,0.5477225575051653,0.649519052838328
CURE-OR,139,163,227,17,0.22,0.26,True,True,0.0,0.0382970843102535,,0.0541602560309064,0.043333333333333335,0.7071067811865471,0.8837788686981576
CURE-OR,139,163,227,18,0.22,0.26,True,True,0.0,0.0355902608401043,,0.08326663997864531,0.06,0.4274252071325543,0.5931710140017383
CURE-OR,151,139,211,2,0.12,0.16,True,False,0.0,0.0099999999999999,,0.01,0.005,0.9999999999999899,1.9999999999999798
CURE-OR,151,139,211,6,0.12,0.16,True,False,0.0,0.012909944487358,,0.021602468994692873,0.016666666666666666,0.5976143046671941,0.7745966692414801
CURE-OR,151,113,211,11,0.28,0.3,False,False,0.0,0.0,,0.0,0.0,,
CURE-OR,151,113,211,12,0.28,0.3,True,False,0.0,0.02,,0.018257418583505537,0.013333333333333336,1.0954451150103324,1.4999999999999998
CURE-OR,151,113,211,13,0.28,0.3,True,True,0.0,0.0341565025531986,,0.04000000000000001,0.03,0.8539125638299649,1.1385500851066201
CURE-OR,151,113,211,14,0.28,0.3,True,True,0.0,0.0216024689946928,,0.0818535277187245,0.05833333333333334,0.2639161633805931,0.37032803990901936
CURE-OR,151,113,211,15,0.28,0.3,True,False,0.0,0.0276887462097269,,0.024494897427831775,0.019999999999999993,1.1303883305208775,1.3844373104863454
CURE-OR,151,113,211,16,0.28,0.3,True,True,0.0,0.0282842712474618,,0.05385164807134503,0.045000000000000005,0.5252257314388885,0.6285393610547066
CURE-OR,151,113,211,17,0.28,0.3,True,True,0.0,0.0321455025366431,,0.04654746681256314,0.041666666666666664,0.6905961749988733,0.7714920608794343
CURE-OR,151,113,211,18,0.28,0.3,True,True,0.0,0.0489897948556635,,0.061101009266077866,0.05333333333333334,0.8017837257372722,0.9185586535436906
CURE-OR,151,139,223,2,0.12,0.16,True,False,0.0,0.01,,0.01,0.005,1.0,2.0
CURE-OR,151,139,223,6,0.12,0.16,True,False,0.0,0.012909944487358,,0.023094010767585035,0.016666666666666666,0.5590169943749449,0.7745966692414801
CURE-OR,151,113,223,11,0.28,0.3,False,False,0.0,0.0,,0.0,0.0,,
CURE-OR,151,113,223,12,0.28,0.3,True,False,0.0,0.023094010767585,,0.014142135623730963,0.006666666666666672,1.6329931618554485,3.4641016151377473
CURE-OR,151,113,223,13,0.28,0.3,True,True,0.0,0.0331662479035539,,0.038297084310253526,0.02666666666666666,0.866025403784436,1.2437342963832716
CURE-OR,151,113,223,14,0.28,0.3,True,True,0.0,0.023094010767585,,0.07724420150837644,0.055,0.298974037100774,0.41989110486518183
CURE-OR,151,113,223,15,0.28,0.3,True,False,0.0,0.0351188458428424,,0.0258198889747161,0.019999999999999987,1.3601470508735427,1.7559422921421213
CURE-OR,151,113,223,16,0.28,0.3,True,True,0.0,0.032659863237109,,0.0472581562625261,0.041666666666666664,0.691094740465087,0.7838367176906161
CURE-OR,151,113,223,17,0.28,0.3,True,True,0.0,0.0435889894354067,,0.053851648071345036,0.04833333333333333,0.8094272134003788,0.9018411607325524
CURE-OR,151,113,223,18,0.28,0.3,True,True,0.0,0.0616441400296897,,0.06582805886043834,0.05666666666666667,0.9364417103712729,1.0878377652298181
CURE-OR,151,139,227,2,0.12,0.16,True,False,0.0,0.01,,0.01,0.005,1.0,2.0
CURE-OR,151,139,227,6,0.12,0.16,True,False,0.0,0.012909944487358,,0.024494897427831785,0.016666666666666666,0.5270462766947275,0.7745966692414801
CURE-OR,151,113,227,11,0.28,0.3,False,False,0.0,0.0,,0.0,0.0,,
CURE-OR,151,113,227,12,0.28,0.3,True,False,0.0,0.02,,0.018257418583505537,0.013333333333333336,1.0954451150103324,1.4999999999999998
CURE-OR,151,113,227,13,0.28,0.3,True,True,0.0,0.03,,0.04082482904638631,0.03000000000000001,0.7348469228349532,0.9999999999999997
CURE-OR,151,113,227,14,0.28,0.3,True,True,0.0,0.0199999999999999,,0.0793725393319377,0.05833333333333332,0.2519763153394836,0.3428571428571412
CURE-OR,151,113,227,15,0.28,0.3,True,False,0.0,0.0331662479035539,,0.01632993161855451,0.013333333333333322,2.0310096011589858,2.4874685927665445
CURE-OR,151,113,227,16,0.28,0.3,True,True,0.0,0.0282842712474619,,0.04725815626252608,0.041666666666666664,0.5985056016645798,0.6788225099390857
CURE-OR,151,113,227,17,0.28,0.3,True,True,0.0,0.047258156262526,,0.06298147875897062,0.04833333333333334,0.7503500583621164,0.9777549571557101
CURE-OR,151,113,227,18,0.28,0.3,True,True,0.0,0.0547722557505166,,0.06582805886043834,0.05333333333333334,0.8320502943378434,1.0269797953221862
CURE-OR,163,139,211,2,0.18,0.16,False,False,0.0,0.0081649658092772,,0.0,0.0,,
CURE-OR,163,139,211,6,0.18,0.16,True,False,0.0,0.0115470053837925,,0.022360679774997897,0.015,0.5163977794943215,0.7698003589195
CURE-OR,163,151,211,11,0.26,0.28,False,False,0.0,0.0,,0.0,0.0,,
CURE-OR,163,151,211,12,0.26,0.28,True,False,0.0,0.0182574185835055,,0.011547005383792518,0.006666666666666668,1.581138830084186,2.7386127875258244
CURE-OR,163,151,211,13,0.26,0.28,True,True,0.0,0.0412310562561766,,0.040414518843273795,0.028333333333333332,1.0202040612204073,1.4552137502179978
CURE-OR,163,151,211,14,0.26,0.28,True,True,0.0,0.012909944487358,,0.08524474568362947,0.05999999999999999,0.15144563320384502,0.2151657414559667
CURE-OR,163,151,211,15,0.26,0.28,True,False,0.0,0.0208166599946613,,0.026457513110645908,0.018333333333333337,0.786795792469442,1.1354541815269796
CURE-OR,163,151,211,16,0.26,0.28,True,True,0.0,0.0412310562561765,,0.05537749241945383,0.049999999999999996,0.7445453821540724,0.82462112512353
CURE-OR,163,151,211,17,0.26,0.28,True,True,0.0,0.033166247903554,,0.04000000000000001,0.03000000000000001,0.8291561975888498,1.105541596785133
CURE-OR,163,151,211,18,0.26,0.28,True,True,0.0,0.0294392028877594,,0.06733003292241385,0.05666666666666665,0.43723731609760175,0.5195153450781071
CURE-OR,163,139,223,2,0.18,0.16,False,False,0.0,0.0081649658092772,,0.0,0.0,,
CURE-OR,163,139,223,6,0.18,0.16,True,False,0.0,0.0182574185835055,,0.02081665999466133,0.015000000000000005,0.8770580193070272,1.217161238900366
CURE-OR,163,151,223,11,0.26,0.28,False,False,0.0,0.0,,0.0,0.0,,
CURE-OR,163,151,223,12,0.26,0.28,True,False,0.0,0.0141421356237309,,0.011547005383792518,0.006666666666666668,1.2247448713915845,2.121320343559635
CURE-OR,163,151,223,13,0.26,0.28,True,True,0.0,0.0321455025366431,,0.0412310562561766,0.03166666666666667,0.7796429549831762,1.0151211327360978
CURE-OR,163,151,223,14,0.26,0.28,True,True,0.0,0.0223606797749978,,0.08124038404635961,0.05333333333333334,0.27524094128158894,0.4192627457812087
CURE-OR,163,151,223,15,0.26,0.28,True,False,0.0,0.0208166599946613,,0.025166114784235832,0.018333333333333337,0.8271701918685099,1.1354541815269796
CURE-OR,163,151,223,16,0.26,0.28,True,True,0.0,0.0341565025531986,,0.05597618541248888,0.04666666666666666,0.6101970382851049,0.7319250547113987
CURE-OR,163,151,223,17,0.26,0.28,True,True,0.0,0.0420317340430616,,0.04163331998932266,0.03333333333333335,1.0095695960312825,1.2609520212918475
CURE-OR,163,151,223,18,0.26,0.28,True,True,0.0,0.0336650164612069,,0.06271629240742259,0.049999999999999996,0.5367826312580714,0.6733003292241381
CURE-OR,163,139,227,2,0.18,0.16,False,False,0.0,0.0081649658092772,,0.0,0.0,,
CURE-OR,163,139,227,6,0.18,0.16,True,False,0.0,0.0244948974278317,,0.022360679774997904,0.015000000000000005,1.0954451150103282,1.632993161855446
CURE-OR,163,151,227,11,0.26,0.28,False,False,0.0,0.0,,0.0,0.0,,
CURE-OR,163,151,227,12,0.26,0.28,True,False,0.0,0.0216024689946928,,0.011547005383792518,0.006666666666666668,1.8708286933869644,3.2403703492039195
CURE-OR,163,151,227,13,0.26,0.28,True,True,0.0,0.0378593889720018,,0.03872983346207416,0.028333333333333332,0.9775252199076783,1.3362137284235929
CURE-OR,163,151,227,14,0.26,0.28,True,True,0.0,0.0238047614284761,,0.08640987597877145,0.06333333333333332,0.2754865825096691,0.3758646541338332
CURE-OR,163,151,227,15,0.26,0.28,True,False,0.0,0.0191485421551267,,0.01732050807568878,0.011666666666666672,1.1055415967851292,1.6413036132965735
CURE-OR,163,151,227,16,0.26,0.28,True,True,0.0,0.0341565025531986,,0.06055300708194983,0.05333333333333332,0.5640760748177653,0.640434422872474
CURE-OR,163,151,227,17,0.26,0.28,True,True,0.0,0.0420317340430616,,0.051639777949432225,0.04,0.8139410298049845,1.05079335107654
CURE-OR,163,151,227,18,0.26,0.28,True,True,0.0,0.0294392028877594,,0.06480740698407861,0.049999999999999996,0.4542567625794965,0.588784057755188
CIFAR-10-C,31,47,severity,gaussian_noise,0.3238,0.3347,True,True,2.2377260456559048e-17,0.0163852982884047,0.0989655091433374,0.08908897799391348,0.07854000000000001,0.18392060002668495,0.2086236094780328
CIFAR-10-C,31,47,severity,shot_noise,0.3238,0.3347,True,True,1.8619006149354548e-17,0.0136704791430293,0.09310935506166927,0.082744365367075,0.07605999999999999,0.16521341462205416,0.17973283122573366
CIFAR-10-C,31,47,severity,impulse_noise,0.3238,0.3347,True,True,4.6547515373386365e-17,0.0130838067854886,0.10720184699901396,0.09531896978041675,0.0921,0.13726340953568156,0.14206087714971335
CIFAR-10-C,31,47,severity,defocus_blur,0.3238,0.3347,True,True,3.273069708340169e-17,0.0067458135165449,0.06980830896103986,0.06306677413662443,0.05562,0.10696303416330027,0.12128395391127113
CIFAR-10-C,31,47,severity,glass_blur,0.3238,0.3347,True,True,3.937478387536527e-17,0.0348039365589584,0.13227866797031188,0.1193434371886448,0.09944000000000004,0.29162840771834164,0.34999936201687837
CIFAR-10-C,31,47,severity,motion_blur,0.3238,0.3347,True,True,3.61888430622384e-17,0.0048924431524546,0.06760698188796775,0.060421701399414426,0.05354000000000001,0.08097162177068411,0.09137921465174821
CIFAR-10-C,31,47,severity,zoom_blur,0.3238,0.3347,True,True,3.413484460715e-17,0.006229767250869,0.06316415122520053,0.05668895836051322,0.04946000000000002,0.10989383878339797,0.12595566621247467
CIFAR-10-C,31,47,severity,snow,0.3238,0.3347,True,True,2.0584085788909646e-17,0.0140244785999337,0.07370778791959505,0.06559594499662309,0.05800000000000001,0.21380099944677505,0.24180135517127066
CIFAR-10-C,31,47,severity,frost,0.3238,0.3347,True,True,3.056265732929337e-17,0.0088038627885718,0.0735859497458584,0.06606287913798488,0.059519999999999997,0.1332648970715197,0.14791436136713376
CIFAR-10-C,31,47,severity,fog,0.3238,0.3347,True,True,3.7367087251761353e-17,0.0055674051406377,0.09378593711212788,0.08395777510153543,0.07792000000000002,0.06631196615089771,0.07145027131208546
CIFAR-10-C,31,47,severity,brightness,0.3238,0.3347,True,False,3.025588499270114e-17,0.0025278449319529,0.032223190406910365,0.02859356570978863,0.022240000000000003,0.08840607560488777,0.11366209226406922
CIFAR-10-C,31,47,severity,contrast,0.3238,0.3347,True,True,5.559781974809367e-17,0.0085054100430255,0.12369125272225194,0.11090616754716574,0.09830000000000001,0.07669014475149322,0.08652502587004576
CIFAR-10-C,31,47,severity,elastic_transform,0.3238,0.3347,True,False,1.642041997679149e-17,0.0135235350408094,0.051099080226555946,0.044965142054707224,0.03188,0.3007559728012396,0.42420122461760984
CIFAR-10-C,31,47,severity,pixelate,0.3238,0.3347,True,True,3.825842074281555e-17,0.026536390108679,0.06307065878837799,0.056628738287198326,0.04906000000000001,0.46860288453006027,0.5408966593697307
CIFAR-10-C,31,47,severity,jpeg_compression,0.3238,0.3347,True,False,7.601177430610146e-18,0.0058482476007775,0.01672584825950541,0.014523291637917355,0.013660000000000005,0.4026805869207306,0.42812939976409203
CIFAR-10-C,47,61,severity,gaussian_noise,0.3347,0.3349,True,True,2.104670727712685e-17,0.036707710361721,0.09309731467663288,0.08385194094354645,0.07332000000000001,0.43776816551491116,0.5006507141533142
CIFAR-10-C,47,61,severity,shot_noise,0.3347,0.3349,True,True,3.3565890684838566e-17,0.0343944763007085,0.08418315746038514,0.0760207340138202,0.06788000000000001,0.4524354670721247,0.5066952902284693
CIFAR-10-C,47,61,severity,impulse_noise,0.3347,0.3349,True,True,2.9925865470192585e-17,0.0121472630662219,0.09508847459077258,0.08465239512264258,0.08244,0.14349579889172898,0.14734671356406961
CIFAR-10-C,47,61,severity,defocus_blur,0.3347,0.3349,True,True,2.797157557069881e-17,0.0086893037695778,0.06295709650230066,0.05705523639421712,0.05007999999999999,0.15229634155820465,0.17350846185259186
CIFAR-10-C,47,61,severity,glass_blur,0.3347,0.3349,True,True,3.825842074281555e-17,0.0463729878269666,0.09973135916049677,0.08841374327557908,0.07290000000000002,0.5244997678972311,0.6361178028390478
CIFAR-10-C,47,61,severity,motion_blur,0.3347,0.3349,True,True,1.7826341206873998e-17,0.0097109216864312,0.06641155020024754,0.05917207111467368,0.053339999999999985,0.16411326329294318,0.18205702449252348
CIFAR-10-C,47,61,severity,zoom_blur,0.3347,0.3349,True,True,2.3273757686693185e-17,0.0068379821585026,0.057006227729959474,0.05121589596990372,0.04479999999999999,0.1335128875324341,0.1526335303237188
CIFAR-10-C,47,61,severity,snow,0.3347,0.3349,True,True,3.11864493316497e-17,0.0231858577585561,0.061077901077230885,0.05463982064392233,0.04718000000000002,0.4243399316709708,0.49143403472988745
CIFAR-10-C,47,61,severity,frost,0.3347,0.3349,True,True,2.342840229615247e-17,0.0151406076496288,0.06495521534103325,0.05819879723843098,0.051239999999999994,0.2601532740891569,0.2954841461676191
CIFAR-10-C,47,61,severity,fog,0.3347,0.3349,True,True,5.4548710012962536e-17,0.0092763139231054,0.09277742182233781,0.08222004621745235,0.07736000000000001,0.11282302005245497,0.11991098659650205
CIFAR-10-C,47,61,severity,brightness,0.3347,0.3349,True,False,1.6800866271542498e-17,0.0037301474501687,0.032664323045181874,0.029442316484950704,0.021740000000000002,0.12669340919812974,0.17157991951097976
CIFAR-10-C,47,61,severity,contrast,0.3347,0.3349,True,True,4.163336342344337e-17,0.0092128171587197,0.1260589544617914,0.11344745039003742,0.09907999999999999,0.08120779380273088,0.09298362089947217
CIFAR-10-C,47,61,severity,elastic_transform,0.3347,0.3349,True,False,2.7052788744732946e-17,0.009268764750494,0.04253071831041652,0.036956704398525574,0.028219999999999988,0.2508006301250116,0.3284466601875976
CIFAR-10-C,47,61,severity,pixelate,0.3347,0.3349,True,False,1.4304896245381992e-17,0.0255912485041273,0.03668468345236198,0.03256688502144472,0.027180000000000003,0.7858058419549772,0.9415470384152795
CIFAR-10-C,47,61,severity,jpeg_compression,0.3347,0.3349,True,False,2.3013707539344676e-17,0.005406662556513,0.011644569549794441,0.010327245518530093,0.008879999999999999,0.5235338451876514,0.6088583960037163
CIFAR-10-C,61,47,severity,gaussian_noise,0.3349,0.3347,True,True,3.6978510793634416e-17,0.036707710361721,0.11070128273872892,0.09939712269477423,0.07892000000000002,0.3693035509130577,0.46512557478105665
CIFAR-10-C,61,47,severity,shot_noise,0.3349,0.3347,True,True,5.985173094038517e-17,0.0343944763007085,0.09431926632454263,0.08439680088723743,0.07508000000000001,0.40753293891628617,0.45810437267858944
CIFAR-10-C,61,47,severity,impulse_noise,0.3349,0.3347,True,True,2.2377260456559048e-17,0.0121472630662219,0.09372868290976888,0.08290618794758327,0.081,0.1465181715254102,0.14996621069409752
CIFAR-10-C,61,47,severity,defocus_blur,0.3349,0.3347,True,True,3.254629732262919e-17,0.0086893037695778,0.06855510192538555,0.06205462110109127,0.055520000000000014,0.14002669930773282,0.15650763273735227
CIFAR-10-C,61,47,severity,glass_blur,0.3349,0.3347,True,True,4.322212449724815e-17,0.0463729878269667,0.1434410331808859,0.1270419143432592,0.10276000000000003,0.3650211669643912,0.4512746966423383
CIFAR-10-C,61,47,severity,motion_blur,0.3349,0.3347,True,True,3.838406449890678e-17,0.0097109216864312,0.06644892775658609,0.059052620602306885,0.05159999999999998,0.16444522846547208,0.188196156713783
CIFAR-10-C,61,47,severity,zoom_blur,0.3349,0.3347,True,True,3.57874756446653e-17,0.0068379821585026,0.06308732043762835,0.05597840655109791,0.04934000000000001,0.12215392648343411,0.13858901821042965
CIFAR-10-C,61,47,severity,snow,0.3349,0.3347,True,True,3.224906463711944e-17,0.0231858577585562,0.08302050349160744,0.07401225574187023,0.06578000000000002,0.31327051886407364,0.35247579444445415
CIFAR-10-C,61,47,severity,frost,0.3349,0.3347,True,True,3.5245209804025386e-17,0.0151406076496288,0.08101712164721726,0.07225818984724154,0.06434,0.2095348317143983,0.23532184721213556
CIFAR-10-C,61,47,severity,fog,0.3349,0.3347,True,True,3.7367087251761353e-17,0.0092763139231054,0.09248049524088851,0.08319861777697993,0.07610000000000001,0.111496010041552,0.12189637218272535
CIFAR-10-C,61,47,severity,brightness,0.3349,0.3347,True,False,1.986996825864056e-17,0.0037301474501686,0.030527495802964263,0.026867526867949725,0.02068000000000001,0.13883478998650572,0.18037463492111208
CIFAR-10-C,61,47,severity,contrast,0.3349,0.3347,True,True,2.9764538874609305e-17,0.0092128171587196,0.12474223021895994,0.1112942047008738,0.09872,0.08277894777613042,0.09332270217503646
CIFAR-10-C,61,47,severity,elastic_transform,0.3349,0.3347,True,False,1.642041997679149e-17,0.0092687647504939,0.05010648660602738,0.04382510695936749,0.03268000000000001,0.2114944011223395,0.28362193238965416
CIFAR-10-C,61,47,severity,pixelate,0.3349,0.3347,True,True,3.825842074281555e-17,0.0255912485041273,0.06387757039838007,0.05653888927101416,0.044500000000000005,0.4526309029782654,0.5750842360478045
CIFAR-10-C,61,47,severity,jpeg_compression,0.3349,0.3347,True,False,2.2377260456559048e-17,0.005406662556513,0.01618493126336964,0.014243595051811884,0.013800000000000002,0.3795855285723835,0.3917871417763043
